category,date,prediction,forecast_period
1,2012-11-02,1581000.0,2012-11
1,2012-11-09,1595821.875,2012-11
1,2012-11-16,1575674.125,2012-11
1,2012-11-23,1982318.75,2012-11
1,2012-11-30,1926221.0,2012-11
1,2012-12-07,2082664.375,2012-12
1,2012-12-14,2348630.25,2012-12
1,2012-12-21,2811883.25,2012-12
1,2012-12-28,2013384.375,2012-12
1,2013-01-04,1843349.125,2013-01
1,2013-01-11,1749946.375,2013-01
1,2013-01-18,1671422.75,2013-01
1,2013-01-25,1677291.375,2013-01
1,2013-02-01,1879034.5,2013-02
1,2013-02-08,1958976.75,2013-02
1,2013-02-15,1961793.25,2013-02
1,2013-02-22,1868592.375,2013-02
1,2013-03-01,1888754.75,2013-03
1,2013-03-08,1882409.0,2013-03
1,2013-03-15,1845308.875,2013-03
10,2012-11-02,1782750.75,2012-11
10,2012-11-09,1810568.0,2012-11
10,2012-11-16,1884934.25,2012-11
10,2012-11-23,2736047.0,2012-11
10,2012-11-30,2129582.75,2012-11
10,2012-12-07,2340743.75,2012-12
10,2012-12-14,2769101.25,2012-12
10,2012-12-21,3574351.0,2012-12
10,2012-12-28,1696244.25,2012-12
10,2013-01-04,1694382.5,2013-01
10,2013-01-11,1664408.625,2013-01
10,2013-01-18,1682508.0,2013-01
10,2013-01-25,1634141.0,2013-01
10,2013-02-01,1868794.25,2013-02
10,2013-02-08,1938883.625,2013-02
10,2013-02-15,1947879.25,2013-02
10,2013-02-22,1815253.0,2013-02
10,2013-03-01,1853346.75,2013-03
10,2013-03-08,1839970.75,2013-03
10,2013-03-15,1809421.375,2013-03
11,2012-11-02,1340748.875,2012-11
11,2012-11-09,1344136.25,2012-11
11,2012-11-16,1358164.875,2012-11
11,2012-11-23,1847934.25,2012-11
11,2012-11-30,1529495.875,2012-11
11,2012-12-07,1657610.5,2012-12
11,2012-12-14,1907503.25,2012-12
11,2012-12-21,2494615.0,2012-12
11,2012-12-28,1229910.625,2012-12
11,2013-01-04,1218146.75,2013-01
11,2013-01-11,1174128.75,2013-01
11,2013-01-18,1202159.0,2013-01
11,2013-01-25,1188616.25,2013-01
11,2013-02-01,1353383.25,2013-02
11,2013-02-08,1377426.5,2013-02
11,2013-02-15,1458796.5,2013-02
11,2013-02-22,1321338.25,2013-02
11,2013-03-01,1366125.5,2013-03
11,2013-03-08,1334433.125,2013-03
11,2013-03-15,1325991.25,2013-03
12,2012-11-02,975726.0625,2012-11
12,2012-11-09,972970.5,2012-11
12,2012-11-16,975977.3125,2012-11
12,2012-11-23,1460180.0,2012-11
12,2012-11-30,1102450.0,2012-11
12,2012-12-07,1169872.875,2012-12
12,2012-12-14,1315532.0,2012-12
12,2012-12-21,1768262.25,2012-12
12,2012-12-28,873728.125,2012-12
12,2013-01-04,882336.0625,2013-01
12,2013-01-11,846180.75,2013-01
12,2013-01-18,859528.125,2013-01
12,2013-01-25,859843.0,2013-01
12,2013-02-01,962163.375,2013-02
12,2013-02-08,963600.25,2013-02
12,2013-02-15,1017494.8125,2013-02
12,2013-02-22,967338.5,2013-02
12,2013-03-01,965559.625,2013-03
12,2013-03-08,933603.5625,2013-03
12,2013-03-15,927551.875,2013-03
13,2012-11-02,2135592.25,2012-11
13,2012-11-09,2137176.25,2012-11
13,2012-11-16,2160200.0,2012-11
13,2012-11-23,2848028.5,2012-11
13,2012-11-30,2292720.0,2012-11
13,2012-12-07,2767143.5,2012-12
13,2012-12-14,2863551.25,2012-12
13,2012-12-21,3674125.75,2012-12
13,2012-12-28,1719421.5,2012-12
13,2013-01-04,1925768.875,2013-01
13,2013-01-11,1887875.875,2013-01
13,2013-01-18,1914253.375,2013-01
13,2013-01-25,1962360.0,2013-01
13,2013-02-01,2267780.25,2013-02
13,2013-02-08,2220076.5,2013-02
13,2013-02-15,2263174.5,2013-02
13,2013-02-22,2017918.0,2013-02
13,2013-03-01,2097992.25,2013-03
13,2013-03-08,2056447.75,2013-03
13,2013-03-15,2039687.125,2013-03
14,2012-11-02,1772633.375,2012-11
14,2012-11-09,1805295.875,2012-11
14,2012-11-16,1818011.875,2012-11
14,2012-11-23,2614597.0,2012-11
14,2012-11-30,2072548.625,2012-11
14,2012-12-07,2245593.0,2012-12
14,2012-12-14,2779304.0,2012-12
14,2012-12-21,3132154.25,2012-12
14,2012-12-28,1722590.625,2012-12
14,2013-01-04,1755038.5,2013-01
14,2013-01-11,1715900.875,2013-01
14,2013-01-18,1728110.875,2013-01
14,2013-01-25,1694793.25,2013-01
14,2013-02-01,1913521.75,2013-02
14,2013-02-08,1998474.375,2013-02
14,2013-02-15,2030915.875,2013-02
14,2013-02-22,1878266.625,2013-02
14,2013-03-01,1925311.25,2013-03
14,2013-03-08,1925978.0,2013-03
14,2013-03-15,1868342.5,2013-03
15,2012-11-02,603248.4375,2012-11
15,2012-11-09,599473.5,2012-11
15,2012-11-16,592505.6875,2012-11
15,2012-11-23,755011.6875,2012-11
15,2012-11-30,771367.5,2012-11
15,2012-12-07,778501.875,2012-12
15,2012-12-14,841416.9375,2012-12
15,2012-12-21,995349.9375,2012-12
15,2012-12-28,804478.5,2012-12
15,2013-01-04,764876.125,2013-01
15,2013-01-11,742381.25,2013-01
15,2013-01-18,737081.625,2013-01
15,2013-01-25,711578.5,2013-01
15,2013-02-01,759778.9375,2013-02
15,2013-02-08,737213.4375,2013-02
15,2013-02-15,755275.0,2013-02
15,2013-02-22,734351.1875,2013-02
15,2013-03-01,753587.4375,2013-03
15,2013-03-08,732785.6875,2013-03
15,2013-03-15,761986.0625,2013-03
16,2012-11-02,490321.15625,2012-11
16,2012-11-09,506803.40625,2012-11
16,2012-11-16,501587.40625,2012-11
16,2012-11-23,614055.0,2012-11
16,2012-11-30,593303.0625,2012-11
16,2012-12-07,631255.875,2012-12
16,2012-12-14,683673.0625,2012-12
16,2012-12-21,835192.3125,2012-12
16,2012-12-28,624936.5,2012-12
16,2013-01-04,615392.25,2013-01
16,2013-01-11,582614.1875,2013-01
16,2013-01-18,566412.5625,2013-01
16,2013-01-25,547346.8125,2013-01
16,2013-02-01,591665.9375,2013-02
16,2013-02-08,564589.875,2013-02
16,2013-02-15,553045.0625,2013-02
16,2013-02-22,548822.25,2013-02
16,2013-03-01,566968.5625,2013-03
16,2013-03-08,555927.125,2013-03
16,2013-03-15,547820.5,2013-03
17,2012-11-02,971395.0,2012-11
17,2012-11-09,976484.0,2012-11
17,2012-11-16,975331.4375,2012-11
17,2012-11-23,1398728.375,2012-11
17,2012-11-30,1081377.625,2012-11
17,2012-12-07,1158477.0,2012-12
17,2012-12-14,1304094.75,2012-12
17,2012-12-21,1710616.5,2012-12
17,2012-12-28,925087.875,2012-12
17,2013-01-04,926513.3125,2013-01
17,2013-01-11,869780.375,2013-01
17,2013-01-18,887798.3125,2013-01
17,2013-01-25,864759.0,2013-01
17,2013-02-01,939204.875,2013-02
17,2013-02-08,923000.6875,2013-02
17,2013-02-15,966642.25,2013-02
17,2013-02-22,941809.4375,2013-02
17,2013-03-01,940901.6875,2013-03
17,2013-03-08,922971.8125,2013-03
17,2013-03-15,938302.5,2013-03
18,2012-11-02,1122311.875,2012-11
18,2012-11-09,1128447.875,2012-11
18,2012-11-16,1123120.875,2012-11
18,2012-11-23,1559849.0,2012-11
18,2012-11-30,1344029.25,2012-11
18,2012-12-07,1443327.375,2012-12
18,2012-12-14,1615163.75,2012-12
18,2012-12-21,1901147.0,2012-12
18,2012-12-28,1150775.75,2012-12
18,2013-01-04,1163828.625,2013-01
18,2013-01-11,1100456.75,2013-01
18,2013-01-18,1114192.5,2013-01
18,2013-01-25,1083304.75,2013-01
18,2013-02-01,1193517.75,2013-02
18,2013-02-08,1203516.875,2013-02
18,2013-02-15,1232987.125,2013-02
18,2013-02-22,1234946.625,2013-02
18,2013-03-01,1241974.25,2013-03
18,2013-03-08,1223003.625,2013-03
18,2013-03-15,1212289.75,2013-03
19,2012-11-02,1405621.375,2012-11
19,2012-11-09,1465817.875,2012-11
19,2012-11-16,1431258.0,2012-11
19,2012-11-23,1983892.5,2012-11
19,2012-11-30,1575185.5,2012-11
19,2012-12-07,1681942.875,2012-12
19,2012-12-14,1898824.25,2012-12
19,2012-12-21,2498190.0,2012-12
19,2012-12-28,1301715.0,2012-12
19,2013-01-04,1303454.0,2013-01
19,2013-01-11,1237122.5,2013-01
19,2013-01-18,1231447.125,2013-01
19,2013-01-25,1251584.75,2013-01
19,2013-02-01,1383786.625,2013-02
19,2013-02-08,1405603.875,2013-02
19,2013-02-15,1443039.625,2013-02
19,2013-02-22,1366832.875,2013-02
19,2013-03-01,1469274.875,2013-03
19,2013-03-08,1449716.875,2013-03
19,2013-03-15,1401359.375,2013-03
2,2012-11-02,1918046.0,2012-11
2,2012-11-09,1981669.875,2012-11
2,2012-11-16,1974265.125,2012-11
2,2012-11-23,2738444.5,2012-11
2,2012-11-30,2166263.25,2012-11
2,2012-12-07,2361106.75,2012-12
2,2012-12-14,2770115.75,2012-12
2,2012-12-21,3615113.25,2012-12
2,2012-12-28,1728473.0,2012-12
2,2013-01-04,1775791.125,2013-01
2,2013-01-11,1731858.0,2013-01
2,2013-01-18,1721316.75,2013-01
2,2013-01-25,1668230.25,2013-01
2,2013-02-01,1932746.875,2013-02
2,2013-02-08,2043151.0,2013-02
2,2013-02-15,2090260.125,2013-02
2,2013-02-22,1856476.0,2013-02
2,2013-03-01,1932071.5,2013-03
2,2013-03-08,1924869.75,2013-03
2,2013-03-15,1900127.0,2013-03
20,2012-11-02,2141796.5,2012-11
20,2012-11-09,2174739.0,2012-11
20,2012-11-16,2103048.75,2012-11
20,2012-11-23,2777037.5,2012-11
20,2012-11-30,2634660.75,2012-11
20,2012-12-07,2741726.75,2012-12
20,2012-12-14,2912151.25,2012-12
20,2012-12-21,3664437.5,2012-12
20,2012-12-28,1847667.25,2012-12
20,2013-01-04,2000016.375,2013-01
20,2013-01-11,1947767.625,2013-01
20,2013-01-18,1963705.5,2013-01
20,2013-01-25,2016976.5,2013-01
20,2013-02-01,2303192.25,2013-02
20,2013-02-08,2253194.5,2013-02
20,2013-02-15,2244895.25,2013-02
20,2013-02-22,2067066.875,2013-02
20,2013-03-01,2092868.125,2013-03
20,2013-03-08,2061518.5,2013-03
20,2013-03-15,2068412.0,2013-03
21,2012-11-02,697990.8125,2012-11
21,2012-11-09,732912.0,2012-11
21,2012-11-16,716301.375,2012-11
21,2012-11-23,972311.0625,2012-11
21,2012-11-30,882143.3125,2012-11
21,2012-12-07,941592.1875,2012-12
21,2012-12-14,1072068.5,2012-12
21,2012-12-21,1289290.5,2012-12
21,2012-12-28,650337.125,2012-12
21,2013-01-04,682490.9375,2013-01
21,2013-01-11,636937.5625,2013-01
21,2013-01-18,638932.1875,2013-01
21,2013-01-25,639432.8125,2013-01
21,2013-02-01,710431.0625,2013-02
21,2013-02-08,747533.875,2013-02
21,2013-02-15,790366.1875,2013-02
21,2013-02-22,759703.5,2013-02
21,2013-03-01,751498.9375,2013-03
21,2013-03-08,729929.5,2013-03
21,2013-03-15,724126.625,2013-03
22,2012-11-02,1035143.8125,2012-11
22,2012-11-09,1014387.6875,2012-11
22,2012-11-16,1006294.4375,2012-11
22,2012-11-23,1434863.375,2012-11
22,2012-11-30,1227734.625,2012-11
22,2012-12-07,1281773.75,2012-12
22,2012-12-14,1439120.5,2012-12
22,2012-12-21,1775763.75,2012-12
22,2012-12-28,963099.875,2012-12
22,2013-01-04,975314.375,2013-01
22,2013-01-11,964061.1875,2013-01
22,2013-01-18,1018955.5,2013-01
22,2013-01-25,990556.3125,2013-01
22,2013-02-01,1071584.25,2013-02
22,2013-02-08,1090961.0,2013-02
22,2013-02-15,1105610.125,2013-02
22,2013-02-22,1061742.75,2013-02
22,2013-03-01,1073918.25,2013-03
22,2013-03-08,1053671.375,2013-03
22,2013-03-15,1061718.25,2013-03
23,2012-11-02,1451402.875,2012-11
23,2012-11-09,1474827.625,2012-11
23,2012-11-16,1445738.625,2012-11
23,2012-11-23,2034112.875,2012-11
23,2012-11-30,1676215.125,2012-11
23,2012-12-07,1885505.125,2012-12
23,2012-12-14,2111822.25,2012-12
23,2012-12-21,2681032.5,2012-12
23,2012-12-28,1396424.75,2012-12
23,2013-01-04,1400320.125,2013-01
23,2013-01-11,1341936.5,2013-01
23,2013-01-18,1330105.5,2013-01
23,2013-01-25,1350755.625,2013-01
23,2013-02-01,1487382.75,2013-02
23,2013-02-08,1531859.75,2013-02
23,2013-02-15,1549636.25,2013-02
23,2013-02-22,1462466.375,2013-02
23,2013-03-01,1521602.625,2013-03
23,2013-03-08,1478341.875,2013-03
23,2013-03-15,1477614.625,2013-03
24,2012-11-02,1342799.125,2012-11
24,2012-11-09,1423322.375,2012-11
24,2012-11-16,1381392.875,2012-11
24,2012-11-23,1959622.0,2012-11
24,2012-11-30,1514805.375,2012-11
24,2012-12-07,1646782.625,2012-12
24,2012-12-14,1878714.625,2012-12
24,2012-12-21,2443843.0,2012-12
24,2012-12-28,1279588.25,2012-12
24,2013-01-04,1296585.5,2013-01
24,2013-01-11,1252196.375,2013-01
24,2013-01-18,1226844.0,2013-01
24,2013-01-25,1238626.75,2013-01
24,2013-02-01,1397348.0,2013-02
24,2013-02-08,1412366.75,2013-02
24,2013-02-15,1441329.25,2013-02
24,2013-02-22,1314857.25,2013-02
24,2013-03-01,1425052.75,2013-03
24,2013-03-08,1422919.875,2013-03
24,2013-03-15,1356396.0,2013-03
25,2012-11-02,709603.9375,2012-11
25,2012-11-09,737789.3125,2012-11
25,2012-11-16,719620.375,2012-11
25,2012-11-23,1032936.0,2012-11
25,2012-11-30,859586.3125,2012-11
25,2012-12-07,951851.875,2012-12
25,2012-12-14,1078219.625,2012-12
25,2012-12-21,1262229.75,2012-12
25,2012-12-28,668749.9375,2012-12
25,2013-01-04,680970.3125,2013-01
25,2013-01-11,626146.875,2013-01
25,2013-01-18,615547.0625,2013-01
25,2013-01-25,624365.6875,2013-01
25,2013-02-01,703892.3125,2013-02
25,2013-02-08,735120.25,2013-02
25,2013-02-15,778734.8125,2013-02
25,2013-02-22,738359.8125,2013-02
25,2013-03-01,731825.25,2013-03
25,2013-03-08,724405.875,2013-03
25,2013-03-15,725890.9375,2013-03
26,2012-11-02,1039863.375,2012-11
26,2012-11-09,1057873.375,2012-11
26,2012-11-16,1027032.9375,2012-11
26,2012-11-23,1324991.625,2012-11
26,2012-11-30,1311145.5,2012-11
26,2012-12-07,1438965.25,2012-12
26,2012-12-14,1523348.5,2012-12
26,2012-12-21,1783067.5,2012-12
26,2012-12-28,1221843.375,2012-12
26,2013-01-04,1194255.625,2013-01
26,2013-01-11,1173204.25,2013-01
26,2013-01-18,1158049.125,2013-01
26,2013-01-25,1135061.125,2013-01
26,2013-02-01,1236717.375,2013-02
26,2013-02-08,1235699.875,2013-02
26,2013-02-15,1245244.25,2013-02
26,2013-02-22,1232672.75,2013-02
26,2013-03-01,1233515.125,2013-03
26,2013-03-08,1219333.375,2013-03
26,2013-03-15,1250081.75,2013-03
27,2012-11-02,1728487.875,2012-11
27,2012-11-09,1772732.75,2012-11
27,2012-11-16,1746168.375,2012-11
27,2012-11-23,2511011.5,2012-11
27,2012-11-30,1974872.0,2012-11
27,2012-12-07,2162268.5,2012-12
27,2012-12-14,2638865.75,2012-12
27,2012-12-21,3109768.25,2012-12
27,2012-12-28,1642760.0,2012-12
27,2013-01-04,1710272.625,2013-01
27,2013-01-11,1697991.75,2013-01
27,2013-01-18,1688886.5,2013-01
27,2013-01-25,1658207.125,2013-01
27,2013-02-01,1856246.0,2013-02
27,2013-02-08,1918864.125,2013-02
27,2013-02-15,1923562.25,2013-02
27,2013-02-22,1807954.25,2013-02
27,2013-03-01,1843191.5,2013-03
27,2013-03-08,1835252.75,2013-03
27,2013-03-15,1800997.125,2013-03
28,2012-11-02,1421836.75,2012-11
28,2012-11-09,1259620.875,2012-11
28,2012-11-16,1203793.125,2012-11
28,2012-11-23,1779040.625,2012-11
28,2012-11-30,1429635.125,2012-11
28,2012-12-07,1542945.75,2012-12
28,2012-12-14,1672194.5,2012-12
28,2012-12-21,2281364.0,2012-12
28,2012-12-28,1121711.625,2012-12
28,2013-01-04,1280628.375,2013-01
28,2013-01-11,1137361.125,2013-01
28,2013-01-18,1131580.5,2013-01
28,2013-01-25,1103388.0,2013-01
28,2013-02-01,1364789.875,2013-02
28,2013-02-08,1309300.5,2013-02
28,2013-02-15,1331633.625,2013-02
28,2013-02-22,1252512.25,2013-02
28,2013-03-01,1346924.0,2013-03
28,2013-03-08,1341786.0,2013-03
28,2013-03-15,1243452.5,2013-03
29,2012-11-02,524203.75,2012-11
29,2012-11-09,527706.8125,2012-11
29,2012-11-16,543703.375,2012-11
29,2012-11-23,692243.8125,2012-11
29,2012-11-30,707913.0625,2012-11
29,2012-12-07,715794.4375,2012-12
29,2012-12-14,788928.125,2012-12
29,2012-12-21,895854.0,2012-12
29,2012-12-28,697374.6875,2012-12
29,2013-01-04,665837.8125,2013-01
29,2013-01-11,610509.625,2013-01
29,2013-01-18,592878.75,2013-01
29,2013-01-25,579643.6875,2013-01
29,2013-02-01,606555.5,2013-02
29,2013-02-08,600873.125,2013-02
29,2013-02-15,616800.375,2013-02
29,2013-02-22,634662.25,2013-02
29,2013-03-01,641823.1875,2013-03
29,2013-03-08,639622.9375,2013-03
29,2013-03-15,659235.6875,2013-03
3,2012-11-02,410262.4375,2012-11
3,2012-11-09,404228.3125,2012-11
3,2012-11-16,397811.875,2012-11
3,2012-11-23,467807.0625,2012-11
3,2012-11-30,454633.5625,2012-11
3,2012-12-07,444267.0625,2012-12
3,2012-12-14,463261.375,2012-12
3,2012-12-21,504598.46875,2012-12
3,2012-12-28,404892.28125,2012-12
3,2013-01-04,423693.625,2013-01
3,2013-01-11,417650.875,2013-01
3,2013-01-18,407604.28125,2013-01
3,2013-01-25,388101.6875,2013-01
3,2013-02-01,419634.1875,2013-02
3,2013-02-08,402625.8125,2013-02
3,2013-02-15,396939.625,2013-02
3,2013-02-22,392026.875,2013-02
3,2013-03-01,403958.71875,2013-03
3,2013-03-08,395031.5625,2013-03
3,2013-03-15,394011.375,2013-03
30,2012-11-02,428512.34375,2012-11
30,2012-11-09,425934.09375,2012-11
30,2012-11-16,421774.90625,2012-11
30,2012-11-23,476144.8125,2012-11
30,2012-11-30,452638.6875,2012-11
30,2012-12-07,450282.625,2012-12
30,2012-12-14,466989.65625,2012-12
30,2012-12-21,498737.8125,2012-12
30,2012-12-28,411262.4375,2012-12
30,2013-01-04,432618.03125,2013-01
30,2013-01-11,426860.5,2013-01
30,2013-01-18,413137.40625,2013-01
30,2013-01-25,401550.1875,2013-01
30,2013-02-01,422685.25,2013-02
30,2013-02-08,406880.46875,2013-02
30,2013-02-15,402908.53125,2013-02
30,2013-02-22,399738.78125,2013-02
30,2013-03-01,408072.84375,2013-03
30,2013-03-08,400734.875,2013-03
30,2013-03-15,405522.46875,2013-03
31,2012-11-02,1400541.75,2012-11
31,2012-11-09,1437261.875,2012-11
31,2012-11-16,1481872.0,2012-11
31,2012-11-23,1929434.0,2012-11
31,2012-11-30,1587685.125,2012-11
31,2012-12-07,1748047.0,2012-12
31,2012-12-14,1975935.25,2012-12
31,2012-12-21,2506706.0,2012-12
31,2012-12-28,1367468.25,2012-12
31,2013-01-04,1355002.0,2013-01
31,2013-01-11,1319082.125,2013-01
31,2013-01-18,1298771.75,2013-01
31,2013-01-25,1285736.25,2013-01
31,2013-02-01,1418820.75,2013-02
31,2013-02-08,1460006.75,2013-02
31,2013-02-15,1504395.25,2013-02
31,2013-02-22,1378786.125,2013-02
31,2013-03-01,1443396.25,2013-03
31,2013-03-08,1442382.375,2013-03
31,2013-03-15,1457304.625,2013-03
32,2012-11-02,1253205.875,2012-11
32,2012-11-09,1278456.5,2012-11
32,2012-11-16,1265994.75,2012-11
32,2012-11-23,1827077.0,2012-11
32,2012-11-30,1384877.625,2012-11
32,2012-12-07,1520516.0,2012-12
32,2012-12-14,1723168.25,2012-12
32,2012-12-21,2315638.25,2012-12
32,2012-12-28,1129129.625,2012-12
32,2013-01-04,1170321.875,2013-01
32,2013-01-11,1126547.75,2013-01
32,2013-01-18,1161931.125,2013-01
32,2013-01-25,1124258.75,2013-01
32,2013-02-01,1272305.5,2013-02
32,2013-02-08,1279094.5,2013-02
32,2013-02-15,1305982.125,2013-02
32,2013-02-22,1242938.625,2013-02
32,2013-03-01,1279685.75,2013-03
32,2013-03-08,1229635.25,2013-03
32,2013-03-15,1225671.375,2013-03
33,2012-11-02,256816.15625,2012-11
33,2012-11-09,286890.125,2012-11
33,2012-11-16,246997.859375,2012-11
33,2012-11-23,276493.34375,2012-11
33,2012-11-30,252730.75,2012-11
33,2012-12-07,276418.21875,2012-12
33,2012-12-14,266451.375,2012-12
33,2012-12-21,292256.84375,2012-12
33,2012-12-28,210073.09375,2012-12
33,2013-01-04,267886.46875,2013-01
33,2013-01-11,256131.015625,2013-01
33,2013-01-18,261267.28125,2013-01
33,2013-01-25,249007.34375,2013-01
33,2013-02-01,271720.8125,2013-02
33,2013-02-08,258767.40625,2013-02
33,2013-02-15,262027.125,2013-02
33,2013-02-22,253699.640625,2013-02
33,2013-03-01,266000.5625,2013-03
33,2013-03-08,260013.796875,2013-03
33,2013-03-15,261282.3125,2013-03
34,2012-11-02,972122.8125,2012-11
34,2012-11-09,980253.3125,2012-11
34,2012-11-16,972899.1875,2012-11
34,2012-11-23,1414973.25,2012-11
34,2012-11-30,1098466.125,2012-11
34,2012-12-07,1169777.625,2012-12
34,2012-12-14,1333112.25,2012-12
34,2012-12-21,1727815.125,2012-12
34,2012-12-28,899182.25,2012-12
34,2013-01-04,910279.9375,2013-01
34,2013-01-11,868429.3125,2013-01
34,2013-01-18,879292.9375,2013-01
34,2013-01-25,876701.4375,2013-01
34,2013-02-01,979367.0,2013-02
34,2013-02-08,1008348.75,2013-02
34,2013-02-15,1054687.375,2013-02
34,2013-02-22,975325.1875,2013-02
34,2013-03-01,984190.125,2013-03
34,2013-03-08,983088.5,2013-03
34,2013-03-15,979813.1875,2013-03
35,2012-11-02,858861.0,2012-11
35,2012-11-09,852129.5,2012-11
35,2012-11-16,847595.5625,2012-11
35,2012-11-23,1280128.75,2012-11
35,2012-11-30,993277.0,2012-11
35,2012-12-07,1064287.375,2012-12
35,2012-12-14,1179237.0,2012-12
35,2012-12-21,1575934.125,2012-12
35,2012-12-28,773373.25,2012-12
35,2013-01-04,852561.8125,2013-01
35,2013-01-11,810222.1875,2013-01
35,2013-01-18,804730.5625,2013-01
35,2013-01-25,799715.9375,2013-01
35,2013-02-01,884623.875,2013-02
35,2013-02-08,907464.75,2013-02
35,2013-02-15,948760.25,2013-02
35,2013-02-22,894333.4375,2013-02
35,2013-03-01,930829.4375,2013-03
35,2013-03-08,898799.6875,2013-03
35,2013-03-15,890279.9375,2013-03
36,2012-11-02,293541.96875,2012-11
36,2012-11-09,299570.0625,2012-11
36,2012-11-16,292956.3125,2012-11
36,2012-11-23,329313.59375,2012-11
36,2012-11-30,310807.4375,2012-11
36,2012-12-07,327455.21875,2012-12
36,2012-12-14,332523.4375,2012-12
36,2012-12-21,343087.84375,2012-12
36,2012-12-28,282795.125,2012-12
36,2013-01-04,315186.40625,2013-01
36,2013-01-11,295937.96875,2013-01
36,2013-01-18,291167.28125,2013-01
36,2013-01-25,281032.8125,2013-01
36,2013-02-01,311978.46875,2013-02
36,2013-02-08,293412.25,2013-02
36,2013-02-15,306495.9375,2013-02
36,2013-02-22,291634.3125,2013-02
36,2013-03-01,305474.03125,2013-03
36,2013-03-08,297565.5,2013-03
36,2013-03-15,306728.25,2013-03
37,2012-11-02,523734.4375,2012-11
37,2012-11-09,522955.6875,2012-11
37,2012-11-16,516987.21875,2012-11
37,2012-11-23,596799.3125,2012-11
37,2012-11-30,571858.125,2012-11
37,2012-12-07,554527.5,2012-12
37,2012-12-14,560559.125,2012-12
37,2012-12-21,633326.75,2012-12
37,2012-12-28,490593.1875,2012-12
37,2013-01-04,516999.9375,2013-01
37,2013-01-11,517021.09375,2013-01
37,2013-01-18,522147.0625,2013-01
37,2013-01-25,504603.25,2013-01
37,2013-02-01,527034.0,2013-02
37,2013-02-08,519262.71875,2013-02
37,2013-02-15,523506.34375,2013-02
37,2013-02-22,518073.3125,2013-02
37,2013-03-01,535431.4375,2013-03
37,2013-03-08,521378.375,2013-03
37,2013-03-15,530090.4375,2013-03
38,2012-11-02,414307.65625,2012-11
38,2012-11-09,398797.71875,2012-11
38,2012-11-16,387582.78125,2012-11
38,2012-11-23,454144.25,2012-11
38,2012-11-30,413398.71875,2012-11
38,2012-12-07,397895.5625,2012-12
38,2012-12-14,399966.90625,2012-12
38,2012-12-21,440127.46875,2012-12
38,2012-12-28,347790.21875,2012-12
38,2013-01-04,405639.25,2013-01
38,2013-01-11,400049.71875,2013-01
38,2013-01-18,389922.0,2013-01
38,2013-01-25,387307.0,2013-01
38,2013-02-01,408082.6875,2013-02
38,2013-02-08,399132.46875,2013-02
38,2013-02-15,393975.78125,2013-02
38,2013-02-22,395227.15625,2013-02
38,2013-03-01,404416.84375,2013-03
38,2013-03-08,400192.5625,2013-03
38,2013-03-15,398225.96875,2013-03
39,2012-11-02,1568135.875,2012-11
39,2012-11-09,1565070.625,2012-11
39,2012-11-16,1559388.625,2012-11
39,2012-11-23,2023002.625,2012-11
39,2012-11-30,1813482.125,2012-11
39,2012-12-07,1994690.375,2012-12
39,2012-12-14,2299991.5,2012-12
39,2012-12-21,2736300.0,2012-12
39,2012-12-28,2003375.5,2012-12
39,2013-01-04,1804467.25,2013-01
39,2013-01-11,1773681.75,2013-01
39,2013-01-18,1733377.75,2013-01
39,2013-01-25,1694179.375,2013-01
39,2013-02-01,1873015.25,2013-02
39,2013-02-08,1966273.5,2013-02
39,2013-02-15,2001987.0,2013-02
39,2013-02-22,1894492.25,2013-02
39,2013-03-01,1888762.25,2013-03
39,2013-03-08,1875240.0,2013-03
39,2013-03-15,1857701.375,2013-03
4,2012-11-02,2189350.0,2012-11
4,2012-11-09,2240172.5,2012-11
4,2012-11-16,2214132.0,2012-11
4,2012-11-23,2858506.5,2012-11
4,2012-11-30,2656911.0,2012-11
4,2012-12-07,2901994.5,2012-12
4,2012-12-14,3034110.5,2012-12
4,2012-12-21,3694841.75,2012-12
4,2012-12-28,1852611.625,2012-12
4,2013-01-04,2065947.125,2013-01
4,2013-01-11,1961684.5,2013-01
4,2013-01-18,2056132.0,2013-01
4,2013-01-25,2044699.625,2013-01
4,2013-02-01,2328915.75,2013-02
4,2013-02-08,2238449.5,2013-02
4,2013-02-15,2272967.25,2013-02
4,2013-02-22,2089164.125,2013-02
4,2013-03-01,2154064.5,2013-03
4,2013-03-08,2099177.75,2013-03
4,2013-03-15,2121434.5,2013-03
40,2012-11-02,995656.9375,2012-11
40,2012-11-09,1034417.8125,2012-11
40,2012-11-16,976999.125,2012-11
40,2012-11-23,1281882.125,2012-11
40,2012-11-30,1201141.75,2012-11
40,2012-12-07,1358485.125,2012-12
40,2012-12-14,1417504.375,2012-12
40,2012-12-21,1742215.5,2012-12
40,2012-12-28,1045006.6875,2012-12
40,2013-01-04,1090119.25,2013-01
40,2013-01-11,1036643.375,2013-01
40,2013-01-18,1071182.5,2013-01
40,2013-01-25,1059975.5,2013-01
40,2013-02-01,1151657.75,2013-02
40,2013-02-08,1167005.5,2013-02
40,2013-02-15,1186624.5,2013-02
40,2013-02-22,1156413.375,2013-02
40,2013-03-01,1189192.25,2013-03
40,2013-03-08,1192464.25,2013-03
40,2013-03-15,1200417.375,2013-03
41,2012-11-02,1437310.5,2012-11
41,2012-11-09,1467174.0,2012-11
41,2012-11-16,1441511.625,2012-11
41,2012-11-23,1977822.125,2012-11
41,2012-11-30,1595347.375,2012-11
41,2012-12-07,1736461.125,2012-12
41,2012-12-14,1951743.5,2012-12
41,2012-12-21,2513768.0,2012-12
41,2012-12-28,1349562.0,2012-12
41,2013-01-04,1329704.875,2013-01
41,2013-01-11,1275537.375,2013-01
41,2013-01-18,1237606.25,2013-01
41,2013-01-25,1278864.5,2013-01
41,2013-02-01,1411262.875,2013-02
41,2013-02-08,1425497.625,2013-02
41,2013-02-15,1460329.625,2013-02
41,2013-02-22,1374927.75,2013-02
41,2013-03-01,1426675.625,2013-03
41,2013-03-08,1412316.625,2013-03
41,2013-03-15,1411074.0,2013-03
42,2012-11-02,567462.3125,2012-11
42,2012-11-09,593660.25,2012-11
42,2012-11-16,576012.6875,2012-11
42,2012-11-23,601831.5,2012-11
42,2012-11-30,590779.5,2012-11
42,2012-12-07,647697.0,2012-12
42,2012-12-14,695980.625,2012-12
42,2012-12-21,826456.25,2012-12
42,2012-12-28,592919.5,2012-12
42,2013-01-04,599860.9375,2013-01
42,2013-01-11,576715.1875,2013-01
42,2013-01-18,546028.5625,2013-01
42,2013-01-25,533481.25,2013-01
42,2013-02-01,593477.8125,2013-02
42,2013-02-08,592941.125,2013-02
42,2013-02-15,589244.6875,2013-02
42,2013-02-22,557288.0625,2013-02
42,2013-03-01,555933.9375,2013-03
42,2013-03-08,574863.25,2013-03
42,2013-03-15,578168.0625,2013-03
43,2012-11-02,615097.9375,2012-11
43,2012-11-09,639919.75,2012-11
43,2012-11-16,642778.0625,2012-11
43,2012-11-23,746348.4375,2012-11
43,2012-11-30,761417.875,2012-11
43,2012-12-07,803268.0625,2012-12
43,2012-12-14,844734.0,2012-12
43,2012-12-21,979901.9375,2012-12
43,2012-12-28,787390.8125,2012-12
43,2013-01-04,758502.5625,2013-01
43,2013-01-11,726538.875,2013-01
43,2013-01-18,732420.75,2013-01
43,2013-01-25,705205.75,2013-01
43,2013-02-01,738609.75,2013-02
43,2013-02-08,725132.875,2013-02
43,2013-02-15,744323.3125,2013-02
43,2013-02-22,726081.625,2013-02
43,2013-03-01,734482.4375,2013-03
43,2013-03-08,737916.375,2013-03
43,2013-03-15,745990.75,2013-03
44,2012-11-02,322907.25,2012-11
44,2012-11-09,337486.71875,2012-11
44,2012-11-16,316080.6875,2012-11
44,2012-11-23,382633.90625,2012-11
44,2012-11-30,319950.59375,2012-11
44,2012-12-07,334586.15625,2012-12
44,2012-12-14,334666.0,2012-12
44,2012-12-21,398449.375,2012-12
44,2012-12-28,300274.59375,2012-12
44,2013-01-04,335394.0625,2013-01
44,2013-01-11,312281.59375,2013-01
44,2013-01-18,331985.9375,2013-01
44,2013-01-25,309287.625,2013-01
44,2013-02-01,345002.8125,2013-02
44,2013-02-08,322061.21875,2013-02
44,2013-02-15,342039.125,2013-02
44,2013-02-22,322432.125,2013-02
44,2013-03-01,339132.6875,2013-03
44,2013-03-08,323492.59375,2013-03
44,2013-03-15,336972.9375,2013-03
45,2012-11-02,757317.6875,2012-11
45,2012-11-09,761919.75,2012-11
45,2012-11-16,770429.5625,2012-11
45,2012-11-23,1133225.25,2012-11
45,2012-11-30,949506.25,2012-11
45,2012-12-07,1022054.875,2012-12
45,2012-12-14,1160305.125,2012-12
45,2012-12-21,1506635.5,2012-12
45,2012-12-28,716816.6875,2012-12
45,2013-01-04,808224.5,2013-01
45,2013-01-11,789951.5,2013-01
45,2013-01-18,791872.875,2013-01
45,2013-01-25,730365.125,2013-01
45,2013-02-01,816832.4375,2013-02
45,2013-02-08,835637.8125,2013-02
45,2013-02-15,851120.8125,2013-02
45,2013-02-22,780583.6875,2013-02
45,2013-03-01,788564.5,2013-03
45,2013-03-08,793328.5,2013-03
45,2013-03-15,771709.1875,2013-03
5,2012-11-02,323991.0,2012-11
5,2012-11-09,320130.84375,2012-11
5,2012-11-16,319368.03125,2012-11
5,2012-11-23,388131.4375,2012-11
5,2012-11-30,349324.46875,2012-11
5,2012-12-07,344594.375,2012-12
5,2012-12-14,356521.3125,2012-12
5,2012-12-21,414719.625,2012-12
5,2012-12-28,294227.21875,2012-12
5,2013-01-04,334810.40625,2013-01
5,2013-01-11,306983.78125,2013-01
5,2013-01-18,332858.125,2013-01
5,2013-01-25,310246.96875,2013-01
5,2013-02-01,341254.03125,2013-02
5,2013-02-08,316109.46875,2013-02
5,2013-02-15,336092.875,2013-02
5,2013-02-22,321487.09375,2013-02
5,2013-03-01,331380.59375,2013-03
5,2013-03-08,321697.78125,2013-03
5,2013-03-15,328591.96875,2013-03
6,2012-11-02,1546066.5,2012-11
6,2012-11-09,1583685.75,2012-11
6,2012-11-16,1585432.875,2012-11
6,2012-11-23,2025175.0,2012-11
6,2012-11-30,1837431.0,2012-11
6,2012-12-07,2092795.25,2012-12
6,2012-12-14,2138370.75,2012-12
6,2012-12-21,2827759.5,2012-12
6,2012-12-28,1578152.875,2012-12
6,2013-01-04,1538857.0,2013-01
6,2013-01-11,1493957.5,2013-01
6,2013-01-18,1501838.25,2013-01
6,2013-01-25,1482082.0,2013-01
6,2013-02-01,1622261.75,2013-02
6,2013-02-08,1670616.875,2013-02
6,2013-02-15,1707378.875,2013-02
6,2013-02-22,1653595.25,2013-02
6,2013-03-01,1674811.25,2013-03
6,2013-03-08,1680978.125,2013-03
6,2013-03-15,1734168.25,2013-03
7,2012-11-02,534952.375,2012-11
7,2012-11-09,539650.1875,2012-11
7,2012-11-16,539593.625,2012-11
7,2012-11-23,674048.0625,2012-11
7,2012-11-30,676740.25,2012-11
7,2012-12-07,701037.9375,2012-12
7,2012-12-14,805052.625,2012-12
7,2012-12-21,913763.9375,2012-12
7,2012-12-28,696495.5,2012-12
7,2013-01-04,696169.625,2013-01
7,2013-01-11,657695.625,2013-01
7,2013-01-18,627278.625,2013-01
7,2013-01-25,605644.625,2013-01
7,2013-02-01,656207.5,2013-02
7,2013-02-08,655688.625,2013-02
7,2013-02-15,655697.25,2013-02
7,2013-02-22,671701.1875,2013-02
7,2013-03-01,678110.0,2013-03
7,2013-03-08,655081.5,2013-03
7,2013-03-15,662957.1875,2013-03
8,2012-11-02,950840.25,2012-11
8,2012-11-09,948829.5625,2012-11
8,2012-11-16,945962.5625,2012-11
8,2012-11-23,1272268.375,2012-11
8,2012-11-30,1096380.75,2012-11
8,2012-12-07,1192733.5,2012-12
8,2012-12-14,1283782.875,2012-12
8,2012-12-21,1667081.125,2012-12
8,2012-12-28,959933.8125,2012-12
8,2013-01-04,996082.125,2013-01
8,2013-01-11,972772.75,2013-01
8,2013-01-18,989049.0,2013-01
8,2013-01-25,952243.5625,2013-01
8,2013-02-01,1023682.25,2013-02
8,2013-02-08,1044086.75,2013-02
8,2013-02-15,1074794.875,2013-02
8,2013-02-22,1020950.8125,2013-02
8,2013-03-01,1046966.0625,2013-03
8,2013-03-08,1035778.1875,2013-03
8,2013-03-15,1026552.3125,2013-03
9,2012-11-02,591903.375,2012-11
9,2012-11-09,612263.625,2012-11
9,2012-11-16,617408.375,2012-11
9,2012-11-23,721275.75,2012-11
9,2012-11-30,767173.8125,2012-11
9,2012-12-07,775642.75,2012-12
9,2012-12-14,836253.1875,2012-12
9,2012-12-21,921462.0,2012-12
9,2012-12-28,767295.125,2012-12
9,2013-01-04,724394.0,2013-01
9,2013-01-11,706762.125,2013-01
9,2013-01-18,713066.25,2013-01
9,2013-01-25,700286.0625,2013-01
9,2013-02-01,745949.25,2013-02
9,2013-02-08,723793.9375,2013-02
9,2013-02-15,749056.4375,2013-02
9,2013-02-22,730104.0625,2013-02
9,2013-03-01,748257.125,2013-03
9,2013-03-08,736772.875,2013-03
9,2013-03-15,762590.9375,2013-03
